invoice_number,sales_order,amount,currency,payment_status
INV-00001,SO-00001,13224.86,GBP,Partially Paid
INV-00002,SO-00002,754140.0,INR,Paid
INV-00003,SO-00003,450280.0,INR,Paid
INV-00004,SO-00005,118179.0,INR,Pending
INV-00005,SO-00006,8436.71,EUR,Paid
INV-00006,SO-00007,43231.43,GBP,Pending
INV-00007,SO-00009,2000270.0,INR,Partially Paid
INV-00008,SO-00010,13350550.0,INR,Pending
INV-00009,SO-00011,137354.82,USD,Paid
INV-00010,SO-00012,1001190.0,INR,Paid
INV-00011,SO-00013,1748010.0,INR,Overdue
INV-00012,SO-00014,10703.0,GBP,Paid
INV-00013,SO-00015,5138050.0,INR,Overdue
INV-00014,SO-00016,51192.78,EUR,Pending
INV-00015,SO-00017,5789.01,USD,Paid
INV-00016,SO-00018,6411450.0,INR,Pending
INV-00017,SO-00019,77831.33,USD,Partially Paid
INV-00018,SO-00020,962720.0,INR,Pending
INV-00019,SO-00021,737610.0,INR,Partially Paid
INV-00020,SO-00023,2891250.0,INR,Paid
INV-00021,SO-00024,34823.62,GBP,Paid
INV-00022,SO-00025,2602.63,USD,Pending
INV-00023,SO-00026,548765.0,INR,Paid
INV-00024,SO-00028,55656.51,USD,Paid
INV-00025,SO-00029,3662.42,USD,Paid
INV-00026,SO-00030,6421.83,EUR,Paid
INV-00027,SO-00031,6405.9,USD,Pending
INV-00028,SO-00033,1647840.0,INR,Paid
INV-00029,SO-00034,5268.67,EUR,Pending
INV-00030,SO-00036,9667.78,EUR,Paid
INV-00031,SO-00037,19573.52,GBP,Paid
INV-00032,SO-00038,5340220.0,INR,Pending
INV-00033,SO-00039,3039430.0,INR,Paid
INV-00034,SO-00040,44261.33,EUR,Partially Paid
INV-00035,SO-00042,4483.22,EUR,Paid
INV-00036,SO-00043,12420.66,USD,Paid
INV-00037,SO-00046,20911.08,USD,Paid
INV-00038,SO-00047,4379310.0,INR,Overdue
INV-00039,SO-00048,1335055.0,INR,Overdue
INV-00040,SO-00050,4564.57,GBP,Paid
INV-00041,SO-00051,52288.92,USD,Pending
INV-00042,SO-00052,1216380.0,INR,Pending
INV-00043,SO-00053,463323.0,INR,Paid
INV-00044,SO-00057,12618.92,USD,Paid
INV-00045,SO-00058,50067.47,USD,Pending
INV-00046,SO-00059,210030.0,INR,Paid
INV-00047,SO-00061,96502.41,USD,Paid
INV-00048,SO-00062,1172280.0,INR,Pending
INV-00049,SO-00063,1693850.0,INR,Paid
INV-00050,SO-00065,401475.0,INR,Paid
INV-00051,SO-00066,1415515.0,INR,Paid
INV-00052,SO-00067,235473.0,INR,Pending
INV-00053,SO-00068,2051070.0,INR,Paid
INV-00054,SO-00069,5805.84,USD,Paid
INV-00055,SO-00070,604870.0,INR,Pending
INV-00056,SO-00071,47530.72,USD,Partially Paid
INV-00057,SO-00073,2985520.0,INR,Paid
INV-00058,SO-00074,1217140.0,INR,Paid
INV-00059,SO-00075,20147450.0,INR,Overdue
INV-00060,SO-00077,4274300.0,INR,Pending
INV-00061,SO-00078,90664.46,USD,Paid
INV-00062,SO-00080,54756.51,USD,Paid
INV-00063,SO-00081,23105.06,USD,Overdue
INV-00064,SO-00082,268353.0,INR,Paid
INV-00065,SO-00083,2871870.0,INR,Partially Paid
INV-00066,SO-00084,35203.61,USD,Paid
INV-00067,SO-00085,2548395.0,INR,Overdue
INV-00068,SO-00086,1903580.0,INR,Pending
INV-00069,SO-00087,303465.0,INR,Paid
INV-00070,SO-00088,1950780.0,INR,Pending
INV-00071,SO-00089,26660.78,USD,Paid
INV-00072,SO-00090,26761.69,USD,Paid
INV-00073,SO-00091,1046580.0,INR,Paid
INV-00074,SO-00092,803715.0,INR,Paid
INV-00075,SO-00094,2016.23,EUR,Paid
INV-00076,SO-00095,24013.57,GBP,Paid
INV-00077,SO-00097,6350000.0,INR,Pending
INV-00078,SO-00100,1177365.0,INR,Paid
INV-00079,SO-00101,20345.87,EUR,Partially Paid
INV-00080,SO-00102,38915.66,USD,Paid
INV-00081,SO-00103,57668.07,USD,Pending
INV-00082,SO-00104,11615.54,USD,Pending
INV-00083,SO-00105,405006.0,INR,Overdue
INV-00084,SO-00107,33656.67,EUR,Paid
INV-00085,SO-00108,21854.46,USD,Paid
INV-00086,SO-00109,1552290.0,INR,Paid
INV-00087,SO-00110,3099240.0,INR,Paid
INV-00088,SO-00111,9868.43,USD,Paid
INV-00089,SO-00112,504520.0,INR,Paid
INV-00090,SO-00114,4041460.0,INR,Paid
INV-00091,SO-00115,203109.0,INR,Pending
INV-00092,SO-00117,11387730.0,INR,Pending
INV-00093,SO-00119,4200500.0,INR,Paid
INV-00094,SO-00120,13043.49,USD,Paid
INV-00095,SO-00121,3164040.0,INR,Pending
INV-00096,SO-00122,42175.24,GBP,Overdue
INV-00097,SO-00123,13996.38,GBP,Partially Paid
INV-00098,SO-00124,7003100.0,INR,Paid
INV-00099,SO-00125,2251300.0,INR,Paid
INV-00100,SO-00126,2384330.0,INR,Overdue
INV-00101,SO-00127,796384.0,INR,Pending
INV-00102,SO-00128,5686.14,USD,Paid
INV-00103,SO-00129,14315300.0,INR,Partially Paid
INV-00104,SO-00130,116043.37,USD,Pending
INV-00105,SO-00131,130221.11,EUR,Partially Paid
INV-00106,SO-00133,38337.67,EUR,Paid
INV-00107,SO-00134,2288910.0,INR,Paid
INV-00108,SO-00136,2781300.0,INR,Overdue
INV-00109,SO-00137,1645860.0,INR,Paid
INV-00110,SO-00138,749936.0,INR,Partially Paid
INV-00111,SO-00139,439840.0,INR,Paid
INV-00112,SO-00140,1602000.0,INR,Paid
INV-00113,SO-00141,134307.78,EUR,Paid
INV-00114,SO-00142,2050110.0,INR,Paid
INV-00115,SO-00143,23690.24,USD,Overdue
INV-00116,SO-00144,8371.86,USD,Pending
INV-00117,SO-00145,13773.43,USD,Paid
INV-00118,SO-00146,35885.3,USD,Paid
INV-00119,SO-00147,4875400.0,INR,Pending
INV-00120,SO-00148,6660.06,USD,Pending
INV-00121,SO-00149,12331.87,USD,Partially Paid
INV-00122,SO-00150,6140.71,USD,Paid
INV-00123,SO-00151,833590.0,INR,Paid
INV-00124,SO-00152,1337430.0,INR,Paid
INV-00125,SO-00153,160663.86,USD,Paid
INV-00126,SO-00157,4107.89,USD,Partially Paid
INV-00127,SO-00158,166671.69,USD,Paid
INV-00128,SO-00159,35228.92,USD,Paid
INV-00129,SO-00160,40480.48,USD,Paid
INV-00130,SO-00161,504285.0,INR,Pending
INV-00131,SO-00162,8785.54,USD,Overdue
INV-00132,SO-00163,20275.67,EUR,Paid
INV-00133,SO-00165,12194.0,GBP,Paid
INV-00134,SO-00166,1578320.0,INR,Paid
INV-00135,SO-00168,2336420.0,INR,Paid
INV-00136,SO-00169,31409.82,USD,Pending
INV-00137,SO-00170,38043.37,USD,Paid
INV-00138,SO-00171,32377.22,EUR,Paid
INV-00139,SO-00174,511115.0,INR,Pending
INV-00140,SO-00175,37994.58,USD,Paid
INV-00141,SO-00177,35550.67,EUR,Overdue
INV-00142,SO-00178,2751200.0,INR,Paid
INV-00143,SO-00179,35874.94,USD,Pending
INV-00144,SO-00180,17825.78,USD,Paid
INV-00145,SO-00181,4353090.0,INR,Paid
INV-00146,SO-00182,772390.0,INR,Paid
INV-00147,SO-00183,1438248.0,INR,Partially Paid
INV-00148,SO-00185,9693.98,USD,Paid
INV-00149,SO-00188,4542.22,EUR,Paid
INV-00150,SO-00189,1792740.0,INR,Paid
INV-00151,SO-00190,285573.0,INR,Pending
INV-00152,SO-00191,1003835.0,INR,Paid
INV-00153,SO-00192,1178085.0,INR,Paid
INV-00154,SO-00193,8896.39,USD,Partially Paid
INV-00155,SO-00194,102326.39,USD,Overdue
INV-00156,SO-00195,286655.0,INR,Pending
INV-00157,SO-00196,32505.18,USD,Paid
INV-00158,SO-00197,21739.22,USD,Partially Paid
INV-00159,SO-00199,6176.64,USD,Paid
INV-00160,SO-00201,1468440.0,INR,Paid
INV-00161,SO-00203,23393.13,USD,Paid
INV-00162,SO-00204,18410.36,USD,Pending
INV-00163,SO-00205,5589.72,USD,Pending
INV-00164,SO-00206,63255.42,USD,Paid
INV-00165,SO-00207,746496.0,INR,Pending
INV-00166,SO-00208,13830.07,USD,Overdue
INV-00167,SO-00209,400500.0,INR,Paid
INV-00168,SO-00210,35326.99,USD,Paid
INV-00169,SO-00211,19236.83,EUR,Paid
INV-00170,SO-00212,29233.01,USD,Partially Paid
INV-00171,SO-00213,5222000.0,INR,Paid
INV-00172,SO-00214,833590.0,INR,Paid
INV-00173,SO-00215,354240.0,INR,Paid
INV-00174,SO-00217,1404100.0,INR,Pending
INV-00175,SO-00218,6058.92,USD,Paid
INV-00176,SO-00221,3044370.0,INR,Paid
INV-00177,SO-00222,926088.0,INR,Paid
INV-00178,SO-00223,52289.52,GBP,Paid
INV-00179,SO-00224,7722.38,GBP,Paid
INV-00180,SO-00225,4474000.0,INR,Paid
INV-00181,SO-00226,4090900.0,INR,Paid
INV-00182,SO-00228,34053.78,EUR,Partially Paid
INV-00183,SO-00229,14954.99,USD,Partially Paid
INV-00184,SO-00230,919080.0,INR,Overdue
INV-00185,SO-00231,2839410.0,INR,Paid
INV-00186,SO-00232,4962270.0,INR,Paid
INV-00187,SO-00233,1090870.0,INR,Partially Paid
INV-00188,SO-00234,14896.02,USD,Paid
INV-00189,SO-00235,8454.46,USD,Partially Paid
INV-00190,SO-00236,13300.57,GBP,Pending
INV-00191,SO-00237,18043550.0,INR,Pending
INV-00192,SO-00238,37530.6,USD,Overdue
INV-00193,SO-00239,878016.0,INR,Pending
INV-00194,SO-00240,3690.43,EUR,Paid
INV-00195,SO-00241,110282.22,EUR,Partially Paid
INV-00196,SO-00242,42034.46,USD,Pending
INV-00197,SO-00243,51189.76,USD,Paid
INV-00198,SO-00244,7105.36,USD,Partially Paid
INV-00199,SO-00245,2668590.0,INR,Overdue
INV-00200,SO-00246,7284650.0,INR,Paid
INV-00201,SO-00247,91506.67,EUR,Paid
INV-00202,SO-00248,7748100.0,INR,Paid
INV-00203,SO-00249,764030.0,INR,Paid
INV-00204,SO-00250,22397.69,USD,Pending
INV-00205,SO-00252,46932.05,USD,Pending
INV-00206,SO-00253,297597.0,INR,Paid
INV-00207,SO-00254,54241.57,USD,Overdue
INV-00208,SO-00255,11398.37,USD,Partially Paid
INV-00209,SO-00257,1573248.0,INR,Paid
INV-00210,SO-00258,12856.81,USD,Paid
INV-00211,SO-00259,7644.43,USD,Partially Paid
INV-00212,SO-00260,6807.83,EUR,Overdue
INV-00213,SO-00261,434814.0,INR,Paid
INV-00214,SO-00262,3711.87,USD,Paid
INV-00215,SO-00263,10235.57,USD,Pending
INV-00216,SO-00264,581385.0,INR,Paid
INV-00217,SO-00266,1748010.0,INR,Pending
INV-00218,SO-00267,18854.22,USD,Paid
INV-00219,SO-00268,347736.0,INR,Pending
INV-00220,SO-00269,13854.89,EUR,Paid
INV-00221,SO-00271,355430.0,INR,Partially Paid
INV-00222,SO-00273,4127150.0,INR,Partially Paid
INV-00223,SO-00275,6329550.0,INR,Paid
INV-00224,SO-00276,4094180.0,INR,Paid
INV-00225,SO-00278,36943.83,EUR,Paid
INV-00226,SO-00280,1650016.0,INR,Paid
INV-00227,SO-00282,18571.99,USD,Partially Paid
INV-00228,SO-00283,19594.29,GBP,Paid
INV-00229,SO-00284,75540.96,USD,Paid
INV-00230,SO-00285,4764.05,USD,Paid
INV-00231,SO-00286,3895360.0,INR,Paid
INV-00232,SO-00287,44053.98,USD,Paid
INV-00233,SO-00288,635904.0,INR,Pending
INV-00234,SO-00289,333165.0,INR,Partially Paid
INV-00235,SO-00290,20627.22,EUR,Paid
INV-00236,SO-00292,5006460.0,INR,Paid
INV-00237,SO-00293,27812.29,USD,Partially Paid
INV-00238,SO-00294,16160.06,USD,Paid
INV-00239,SO-00295,519765.0,INR,Paid
INV-00240,SO-00296,1712490.0,INR,Paid
INV-00241,SO-00299,13730.22,EUR,Overdue
INV-00242,SO-00300,1216275.0,INR,Pending
INV-00243,SO-00301,55193.33,GBP,Paid
INV-00244,SO-00303,845695.0,INR,Pending
INV-00245,SO-00305,6501.61,USD,Pending
INV-00246,SO-00306,4411650.0,INR,Pending
INV-00247,SO-00308,8320.89,EUR,Overdue
INV-00248,SO-00310,241850.0,INR,Pending
INV-00249,SO-00311,3004.4,EUR,Pending
INV-00250,SO-00312,1822800.0,INR,Paid
INV-00251,SO-00313,2944290.0,INR,Paid
INV-00252,SO-00314,44395.56,EUR,Paid
INV-00253,SO-00315,6798.73,USD,Pending
INV-00254,SO-00317,3039.11,USD,Paid
INV-00255,SO-00318,2454540.0,INR,Partially Paid
INV-00256,SO-00320,969000.0,INR,Pending
INV-00257,SO-00321,3304050.0,INR,Paid
INV-00258,SO-00322,53477.35,USD,Partially Paid
INV-00259,SO-00323,2212830.0,INR,Partially Paid
INV-00260,SO-00324,27388.19,USD,Paid
INV-00261,SO-00325,66668.67,USD,Overdue
INV-00262,SO-00326,2876670.0,INR,Paid
INV-00263,SO-00327,22157.78,EUR,Partially Paid
INV-00264,SO-00328,11753.01,USD,Pending
INV-00265,SO-00329,27615.54,USD,Partially Paid
INV-00266,SO-00330,38093.81,GBP,Paid
INV-00267,SO-00332,252246.0,INR,Pending
INV-00268,SO-00333,35719.52,USD,Paid
INV-00269,SO-00334,881883.0,INR,Overdue
INV-00270,SO-00335,36374.46,USD,Overdue
INV-00271,SO-00337,1273800.0,INR,Paid
INV-00272,SO-00338,1899000.0,INR,Pending
INV-00273,SO-00340,628945.0,INR,Pending
INV-00274,SO-00341,1941945.0,INR,Partially Paid
INV-00275,SO-00343,4347.83,USD,Overdue
INV-00276,SO-00344,15284.44,EUR,Paid
INV-00277,SO-00345,4770400.0,INR,Paid
INV-00278,SO-00347,25794.94,USD,Paid
INV-00279,SO-00348,3975.17,EUR,Paid
INV-00280,SO-00349,7900.82,USD,Paid
INV-00281,SO-00350,20918.1,GBP,Paid
INV-00282,SO-00351,27925.78,USD,Paid
INV-00283,SO-00352,4875400.0,INR,Paid
INV-00284,SO-00353,56905.33,EUR,Pending
INV-00285,SO-00354,79792.05,USD,Paid
INV-00286,SO-00355,5277500.0,INR,Pending
INV-00287,SO-00356,25186.67,EUR,Pending
INV-00288,SO-00357,10126.2,USD,Paid
INV-00289,SO-00358,5894.38,GBP,Paid
INV-00290,SO-00359,16113.61,USD,Paid
INV-00291,SO-00360,3598.12,USD,Partially Paid
INV-00292,SO-00361,31332.05,USD,Overdue
INV-00293,SO-00362,16411.27,USD,Paid
INV-00294,SO-00364,7057.83,USD,Overdue
INV-00295,SO-00365,7954.76,EUR,Pending
INV-00296,SO-00366,2811760.0,INR,Overdue
INV-00297,SO-00369,39886.29,GBP,Pending
INV-00298,SO-00370,919880.0,INR,Paid
INV-00299,SO-00371,198336.0,INR,Paid
INV-00300,SO-00372,831624.0,INR,Pending
INV-00301,SO-00374,274971.0,INR,Pending
INV-00302,SO-00375,442445.0,INR,Partially Paid
INV-00303,SO-00376,23720.89,EUR,Paid
INV-00304,SO-00377,116786.11,EUR,Partially Paid
INV-00305,SO-00378,43219.88,USD,Paid
INV-00306,SO-00379,3359100.0,INR,Paid
INV-00307,SO-00380,595990.0,INR,Paid
INV-00308,SO-00381,38231.81,USD,Paid
INV-00309,SO-00383,432320.0,INR,Paid
INV-00310,SO-00384,13940.72,USD,Overdue
INV-00311,SO-00386,39233.13,USD,Paid
INV-00312,SO-00387,15462.67,EUR,Paid
INV-00313,SO-00388,251106.0,INR,Paid
INV-00314,SO-00389,2759.97,EUR,Paid
INV-00315,SO-00390,8701000.0,INR,Partially Paid
INV-00316,SO-00391,10998.25,USD,Pending
INV-00317,SO-00392,4541.59,USD,Pending
INV-00318,SO-00393,1203400.0,INR,Paid
INV-00319,SO-00394,28209.14,GBP,Paid
INV-00320,SO-00395,8370250.0,INR,Paid
INV-00321,SO-00396,77412.38,GBP,Paid
INV-00322,SO-00397,15623.67,EUR,Paid
INV-00323,SO-00398,1748010.0,INR,Paid
INV-00324,SO-00399,1315725.0,INR,Overdue
INV-00325,SO-00400,22304.17,EUR,Paid
INV-00326,SO-00401,10813.69,EUR,Paid
INV-00327,SO-00402,1787250.0,INR,Partially Paid
INV-00328,SO-00403,320088.0,INR,Overdue
INV-00329,SO-00404,5332.12,USD,Overdue
INV-00330,SO-00407,2978480.0,INR,Paid
INV-00331,SO-00408,65458.33,EUR,Partially Paid
INV-00332,SO-00409,4734.88,USD,Paid
INV-00333,SO-00410,966720.0,INR,Pending
INV-00334,SO-00411,3054240.0,INR,Paid
INV-00335,SO-00412,364914.0,INR,Pending
INV-00336,SO-00413,789010.0,INR,Paid
INV-00337,SO-00416,1050040.0,INR,Paid
INV-00338,SO-00417,12583.13,USD,Overdue
INV-00339,SO-00418,18979.34,USD,Partially Paid
INV-00340,SO-00419,4896.14,USD,Pending
INV-00341,SO-00420,387093.0,INR,Pending
INV-00342,SO-00421,81046.39,USD,Paid
INV-00343,SO-00422,3512740.0,INR,Pending
INV-00344,SO-00423,819885.0,INR,Paid
INV-00345,SO-00424,16354.7,USD,Partially Paid
INV-00346,SO-00425,60061.43,GBP,Paid
INV-00347,SO-00426,11818.11,EUR,Paid
INV-00348,SO-00427,186423.0,INR,Overdue
INV-00349,SO-00428,82260.48,GBP,Pending
INV-00350,SO-00432,2620300.0,INR,Paid
INV-00351,SO-00434,7328.55,USD,Paid
INV-00352,SO-00435,15669.01,USD,Paid
INV-00353,SO-00436,1039530.0,INR,Paid
INV-00354,SO-00437,69235.54,USD,Pending
INV-00355,SO-00438,1923220.0,INR,Pending
INV-00356,SO-00439,1107130.0,INR,Paid
INV-00357,SO-00440,8102.94,USD,Paid
INV-00358,SO-00441,7742460.0,INR,Paid
INV-00359,SO-00442,53184.76,GBP,Overdue
INV-00360,SO-00443,1059480.0,INR,Partially Paid
INV-00361,SO-00444,19556.63,USD,Pending
INV-00362,SO-00445,25080.33,EUR,Paid
INV-00363,SO-00446,9216.63,USD,Paid
INV-00364,SO-00447,2025030.0,INR,Overdue
INV-00365,SO-00448,702960.0,INR,Pending
INV-00366,SO-00450,21752.17,USD,Paid
INV-00367,SO-00451,1973040.0,INR,Paid
INV-00368,SO-00452,11420200.0,INR,Overdue
INV-00369,SO-00453,36260.33,EUR,Partially Paid
INV-00370,SO-00455,7089.22,EUR,Pending
INV-00371,SO-00458,2576010.0,INR,Paid
INV-00372,SO-00459,3020.78,EUR,Paid
INV-00373,SO-00460,1272495.0,INR,Paid
INV-00374,SO-00461,7957.33,GBP,Paid
INV-00375,SO-00464,15292.89,EUR,Pending
INV-00376,SO-00465,2389815.0,INR,Pending
INV-00377,SO-00467,2918.02,USD,Paid
INV-00378,SO-00469,3858600.0,INR,Paid
INV-00379,SO-00470,3330.06,USD,Overdue
INV-00380,SO-00472,1647840.0,INR,Paid
INV-00381,SO-00473,9577650.0,INR,Paid
INV-00382,SO-00476,3671.17,EUR,Paid
INV-00383,SO-00477,26907.35,USD,Overdue
INV-00384,SO-00478,38020.24,USD,Paid
INV-00385,SO-00479,64437.78,EUR,Overdue
INV-00386,SO-00480,8004.98,EUR,Pending
INV-00387,SO-00481,5519.71,USD,Pending
INV-00388,SO-00482,13635.66,USD,Pending
INV-00389,SO-00483,725230.0,INR,Pending
INV-00390,SO-00484,7164.78,EUR,Paid
INV-00391,SO-00485,698255.0,INR,Paid
INV-00392,SO-00486,15391.11,EUR,Paid
INV-00393,SO-00487,16210.36,USD,Partially Paid
INV-00394,SO-00490,1674040.0,INR,Paid
INV-00395,SO-00492,17462.53,USD,Pending
INV-00396,SO-00493,3513240.0,INR,Paid
INV-00397,SO-00494,23722.65,USD,Paid
INV-00398,SO-00495,2165220.0,INR,Overdue
INV-00399,SO-00496,3869.22,EUR,Pending
INV-00400,SO-00498,3210480.0,INR,Pending
INV-00401,SO-00499,315057.0,INR,Partially Paid
INV-00402,SO-00500,7529750.0,INR,Overdue
INV-00403,SO-00502,26451.33,USD,Paid
INV-00404,SO-00503,781688.0,INR,Pending
INV-00405,SO-00504,675390.0,INR,Paid
INV-00406,SO-00505,3432920.0,INR,Paid
INV-00407,SO-00506,189195.0,INR,Partially Paid
INV-00408,SO-00509,17226.22,EUR,Paid
INV-00409,SO-00510,775940.0,INR,Overdue
INV-00410,SO-00513,1541056.0,INR,Paid
INV-00411,SO-00514,560370.0,INR,Partially Paid
INV-00412,SO-00515,9919.52,USD,Pending
INV-00413,SO-00516,764250.0,INR,Partially Paid
INV-00414,SO-00518,1653390.0,INR,Pending
INV-00415,SO-00519,947280.0,INR,Partially Paid
INV-00416,SO-00520,2091900.0,INR,Partially Paid
INV-00417,SO-00522,6851.66,USD,Paid
INV-00418,SO-00523,67667.47,USD,Paid
INV-00419,SO-00524,19793.01,USD,Paid
INV-00420,SO-00525,13849.28,USD,Paid
INV-00421,SO-00526,617780.0,INR,Pending
INV-00422,SO-00528,64435.0,EUR,Paid
INV-00423,SO-00530,115900.29,GBP,Overdue
INV-00424,SO-00532,1255530.0,INR,Partially Paid
INV-00425,SO-00533,32172.33,EUR,Paid
INV-00426,SO-00535,8149.67,EUR,Pending
INV-00427,SO-00536,2057360.0,INR,Paid
INV-00428,SO-00537,2508.03,EUR,Partially Paid
INV-00429,SO-00539,8282.53,USD,Pending
INV-00430,SO-00540,2645430.0,INR,Overdue
INV-00431,SO-00541,1243080.0,INR,Paid
INV-00432,SO-00542,5961200.0,INR,Paid
INV-00433,SO-00543,296088.0,INR,Pending
INV-00434,SO-00544,2214240.0,INR,Pending
INV-00435,SO-00545,3194.64,USD,Partially Paid
INV-00436,SO-00546,24191.73,EUR,Paid
INV-00437,SO-00548,4441.87,USD,Paid
INV-00438,SO-00549,9071.99,USD,Paid
INV-00439,SO-00551,2924000.0,INR,Paid
INV-00440,SO-00552,438510.0,INR,Paid
INV-00441,SO-00553,46617.14,GBP,Paid
INV-00442,SO-00554,5454350.0,INR,Pending
INV-00443,SO-00555,198636.0,INR,Pending
INV-00444,SO-00557,7482050.0,INR,Paid
INV-00445,SO-00559,20086.51,USD,Partially Paid
INV-00446,SO-00560,2785710.0,INR,Paid
INV-00447,SO-00561,2309745.0,INR,Paid
INV-00448,SO-00562,66935.67,EUR,Paid
INV-00449,SO-00563,2526.47,USD,Partially Paid
INV-00450,SO-00566,3201810.0,INR,Paid
INV-00451,SO-00567,1161880.0,INR,Pending
INV-00452,SO-00570,61906.63,USD,Paid
INV-00453,SO-00572,204573.0,INR,Overdue
INV-00454,SO-00573,27655.42,USD,Partially Paid
INV-00455,SO-00575,1589760.0,INR,Paid
INV-00456,SO-00576,2002.03,EUR,Paid
INV-00457,SO-00577,1024296.0,INR,Paid
INV-00458,SO-00578,42587.35,USD,Partially Paid
INV-00459,SO-00579,1197585.0,INR,Paid
INV-00460,SO-00580,21862.77,USD,Paid
INV-00461,SO-00581,9199.52,USD,Pending
INV-00462,SO-00582,6078.55,USD,Paid
INV-00463,SO-00583,2944250.0,INR,Paid
INV-00464,SO-00585,14109.4,USD,Pending
INV-00465,SO-00586,26714.5,EUR,Overdue
INV-00466,SO-00587,455700.0,INR,Pending
INV-00467,SO-00589,1689200.0,INR,Paid
INV-00468,SO-00590,10142.83,EUR,Paid
INV-00469,SO-00591,5535650.0,INR,Pending
INV-00470,SO-00592,1443615.0,INR,Overdue
INV-00471,SO-00593,7809.05,GBP,Partially Paid
INV-00472,SO-00594,11524.11,EUR,Pending
INV-00473,SO-00595,157016.27,USD,Paid
INV-00474,SO-00596,1476160.0,INR,Paid
INV-00475,SO-00597,60039.04,USD,Paid
INV-00476,SO-00598,2679855.0,INR,Overdue
INV-00477,SO-00599,42807.11,EUR,Paid
INV-00478,SO-00600,7732.63,USD,Paid
INV-00479,SO-00601,801496.0,INR,Paid
INV-00480,SO-00604,942750.0,INR,Partially Paid
INV-00481,SO-00605,40096.67,EUR,Overdue
INV-00482,SO-00607,38115.06,USD,Paid
INV-00483,SO-00608,72765.66,USD,Paid
INV-00484,SO-00609,54546.75,USD,Pending
INV-00485,SO-00610,6672.53,EUR,Paid
INV-00486,SO-00612,23627.35,USD,Paid
INV-00487,SO-00613,2383040.0,INR,Paid
INV-00488,SO-00614,853952.0,INR,Paid
INV-00489,SO-00616,358640.0,INR,Pending
INV-00490,SO-00617,45692.33,EUR,Pending
INV-00491,SO-00618,5617.9,GBP,Paid
INV-00492,SO-00619,693490.0,INR,Paid
INV-00493,SO-00620,38582.17,USD,Pending
INV-00494,SO-00622,22331.81,USD,Pending
INV-00495,SO-00624,20112.19,GBP,Pending
INV-00496,SO-00625,18555.33,EUR,Paid
INV-00497,SO-00626,2378.93,USD,Paid
INV-00498,SO-00629,7072.19,GBP,Paid
INV-00499,SO-00630,55215.06,USD,Paid
INV-00500,SO-00631,471375.0,INR,Paid
INV-00501,SO-00632,10262.76,EUR,Partially Paid
INV-00502,SO-00633,20748.09,EUR,Paid
INV-00503,SO-00634,506691.0,INR,Partially Paid
INV-00504,SO-00635,25526.39,USD,Partially Paid
INV-00505,SO-00638,2111430.0,INR,Partially Paid
INV-00506,SO-00640,80329.52,USD,Pending
INV-00507,SO-00641,5273.93,USD,Pending
INV-00508,SO-00642,9990.18,USD,Partially Paid
INV-00509,SO-00643,8369.88,USD,Paid
INV-00510,SO-00645,3195200.0,INR,Paid
INV-00511,SO-00647,652632.0,INR,Paid
INV-00512,SO-00648,45048.0,EUR,Pending
INV-00513,SO-00649,160743.0,INR,Overdue
INV-00514,SO-00650,1885530.0,INR,Paid
INV-00515,SO-00652,11667.65,USD,Pending
INV-00516,SO-00654,7438.27,USD,Paid
INV-00517,SO-00655,9205.3,USD,Paid
INV-00518,SO-00656,10780.24,USD,Pending
INV-00519,SO-00658,4215.84,USD,Overdue
INV-00520,SO-00661,1251920.0,INR,Overdue
INV-00521,SO-00662,21050.67,EUR,Pending
INV-00522,SO-00664,35320.67,EUR,Paid
INV-00523,SO-00665,20909.14,GBP,Paid
INV-00524,SO-00666,39216.69,USD,Paid
INV-00525,SO-00667,265704.0,INR,Overdue
INV-00526,SO-00669,2015350.0,INR,Paid
INV-00527,SO-00671,26880.17,EUR,Partially Paid
INV-00528,SO-00672,6550.48,GBP,Paid
INV-00529,SO-00675,924744.0,INR,Paid
INV-00530,SO-00676,26045.9,USD,Overdue
INV-00531,SO-00677,252896.0,INR,Pending
INV-00532,SO-00678,14963.01,USD,Paid
INV-00533,SO-00679,4360.37,GBP,Paid
INV-00534,SO-00680,327040.0,INR,Pending
INV-00535,SO-00681,5544.61,USD,Paid
INV-00536,SO-00682,7589.7,USD,Paid
INV-00537,SO-00683,40748.33,EUR,Paid
INV-00538,SO-00684,33001.17,EUR,Paid
INV-00539,SO-00686,4778.64,USD,Pending
INV-00540,SO-00688,3593.53,EUR,Pending
INV-00541,SO-00689,4607.71,USD,Paid
INV-00542,SO-00690,9066.45,USD,Overdue
INV-00543,SO-00691,26630.24,USD,Partially Paid
INV-00544,SO-00692,4511.33,USD,Paid
INV-00545,SO-00693,3024350.0,INR,Pending
INV-00546,SO-00694,43701.33,EUR,Pending
INV-00547,SO-00696,32014.46,USD,Paid
INV-00548,SO-00697,7268.82,USD,Overdue
INV-00549,SO-00700,27737.14,GBP,Paid
INV-00550,SO-00701,19021.9,GBP,Overdue
INV-00551,SO-00702,2319760.0,INR,Paid
INV-00552,SO-00703,9425.89,EUR,Partially Paid
INV-00553,SO-00704,75061.2,USD,Paid
INV-00554,SO-00705,1801780.0,INR,Pending
INV-00555,SO-00706,3429200.0,INR,Partially Paid
INV-00556,SO-00707,51549.67,EUR,Pending
INV-00557,SO-00708,12478.36,USD,Pending
INV-00558,SO-00709,80278.31,USD,Paid
INV-00559,SO-00710,8846.27,USD,Partially Paid
INV-00560,SO-00711,25080.33,EUR,Partially Paid
INV-00561,SO-00712,2459380.0,INR,Partially Paid
INV-00562,SO-00713,21670.12,USD,Partially Paid
INV-00563,SO-00714,96564.0,INR,Pending
INV-00564,SO-00715,151770.0,INR,Overdue
INV-00565,SO-00716,66435.11,EUR,Paid
INV-00566,SO-00718,1704700.0,INR,Paid
INV-00567,SO-00719,5841050.0,INR,Paid
INV-00568,SO-00720,6403.07,USD,Partially Paid
INV-00569,SO-00721,15130.04,EUR,Paid
INV-00570,SO-00722,2689110.0,INR,Pending
INV-00571,SO-00723,1442100.0,INR,Paid
INV-00572,SO-00724,754200.0,INR,Partially Paid
INV-00573,SO-00725,17845.96,EUR,Paid
INV-00574,SO-00726,23301.59,USD,Pending
INV-00575,SO-00727,6775000.0,INR,Paid
INV-00576,SO-00728,6917500.0,INR,Pending
INV-00577,SO-00729,6608.86,USD,Paid
INV-00578,SO-00730,1575285.0,INR,Paid
INV-00579,SO-00732,4987.89,USD,Overdue
INV-00580,SO-00734,36148.89,EUR,Paid
INV-00581,SO-00735,35309.64,USD,Paid
INV-00582,SO-00736,18265.44,EUR,Partially Paid
INV-00583,SO-00737,38523.13,USD,Pending
INV-00584,SO-00738,10084.64,USD,Paid
INV-00585,SO-00739,4829.9,EUR,Paid
INV-00586,SO-00740,1128590.0,INR,Partially Paid
INV-00587,SO-00741,1950780.0,INR,Paid
INV-00588,SO-00742,26632.77,USD,Pending
INV-00589,SO-00743,8089.33,EUR,Paid
INV-00590,SO-00744,1657700.0,INR,Pending
INV-00591,SO-00746,597875.0,INR,Paid
INV-00592,SO-00750,23544.82,USD,Paid
INV-00593,SO-00751,2866.66,USD,Paid
INV-00594,SO-00753,1072430.0,INR,Paid
INV-00595,SO-00754,374440.0,INR,Paid
INV-00596,SO-00755,608976.0,INR,Paid
INV-00597,SO-00756,58219.44,EUR,Pending
INV-00598,SO-00757,1718160.0,INR,Paid
INV-00599,SO-00758,963750.0,INR,Partially Paid
INV-00600,SO-00759,30289.64,USD,Partially Paid
INV-00601,SO-00760,14488.67,EUR,Paid
INV-00602,SO-00761,11153.49,USD,Paid
INV-00603,SO-00762,5966.46,USD,Overdue
INV-00604,SO-00763,734048.0,INR,Pending
INV-00605,SO-00764,3069.4,USD,Pending
INV-00606,SO-00765,8590800.0,INR,Paid
INV-00607,SO-00766,63842.65,USD,Paid
INV-00608,SO-00767,1341285.0,INR,Paid
INV-00609,SO-00768,7607700.0,INR,Pending
INV-00610,SO-00769,2079060.0,INR,Partially Paid
INV-00611,SO-00770,6633.06,USD,Pending
INV-00612,SO-00771,79643.98,USD,Paid
INV-00613,SO-00772,7376150.0,INR,Pending
INV-00614,SO-00773,12142.22,EUR,Pending
INV-00615,SO-00775,809240.0,INR,Pending
INV-00616,SO-00776,233388.0,INR,Pending
INV-00617,SO-00778,1667310.0,INR,Paid
INV-00618,SO-00780,3557.57,EUR,Pending
INV-00619,SO-00781,4959450.0,INR,Paid
INV-00620,SO-00782,13547150.0,INR,Paid
INV-00621,SO-00783,2367480.0,INR,Partially Paid
INV-00622,SO-00784,19829.64,USD,Paid
INV-00623,SO-00785,21975.9,USD,Partially Paid
INV-00624,SO-00786,12555.2,EUR,Overdue
INV-00625,SO-00787,20282550.0,INR,Paid
INV-00626,SO-00788,1314550.0,INR,Paid
INV-00627,SO-00789,9213.17,EUR,Pending
INV-00628,SO-00791,9876.02,USD,Partially Paid
INV-00629,SO-00792,43188.57,GBP,Paid
INV-00630,SO-00793,12530.54,USD,Partially Paid
INV-00631,SO-00794,5489.28,USD,Paid
INV-00632,SO-00795,3115680.0,INR,Paid
INV-00633,SO-00796,1409685.0,INR,Partially Paid
INV-00634,SO-00801,628510.0,INR,Pending
INV-00635,SO-00802,2476080.0,INR,Pending
INV-00636,SO-00803,459924.0,INR,Pending
INV-00637,SO-00804,9837.0,USD,Paid
INV-00638,SO-00805,4282.43,GBP,Pending
INV-00639,SO-00806,37953.25,USD,Paid
INV-00640,SO-00807,196965.0,INR,Overdue
INV-00641,SO-00809,357450.0,INR,Paid
INV-00642,SO-00810,15557.78,EUR,Pending
INV-00643,SO-00811,46862.67,EUR,Paid
INV-00644,SO-00813,872616.0,INR,Paid
INV-00645,SO-00814,790944.0,INR,Overdue
INV-00646,SO-00815,9071.99,USD,Paid
INV-00647,SO-00816,2528020.0,INR,Paid
INV-00648,SO-00817,11800050.0,INR,Overdue
INV-00649,SO-00818,30365.06,USD,Paid
INV-00650,SO-00819,11824.46,USD,Paid
INV-00651,SO-00820,12524.46,USD,Pending
INV-00652,SO-00821,655254.0,INR,Paid
INV-00653,SO-00822,5524.7,USD,Paid
INV-00654,SO-00823,767976.0,INR,Paid
INV-00655,SO-00824,1123320.0,INR,Paid
INV-00656,SO-00826,492444.0,INR,Pending
INV-00657,SO-00827,2992440.0,INR,Paid
INV-00658,SO-00828,16928.87,USD,Pending
INV-00659,SO-00829,22543.0,GBP,Pending
INV-00660,SO-00830,8330.51,USD,Overdue
INV-00661,SO-00831,9084.0,EUR,Overdue
INV-00662,SO-00832,1028760.0,INR,Partially Paid
INV-00663,SO-00833,6231360.0,INR,Overdue
INV-00664,SO-00834,729560.0,INR,Pending
INV-00665,SO-00835,2462220.0,INR,Paid
INV-00666,SO-00836,21053.86,USD,Partially Paid
INV-00667,SO-00837,14195.78,USD,Pending
INV-00668,SO-00838,233388.0,INR,Partially Paid
INV-00669,SO-00839,1623200.0,INR,Paid
INV-00670,SO-00842,39160.12,USD,Partially Paid
INV-00671,SO-00843,218862.0,INR,Paid
INV-00672,SO-00844,4553.82,USD,Paid
INV-00673,SO-00845,13168.39,USD,Pending
INV-00674,SO-00847,1794360.0,INR,Paid
INV-00675,SO-00848,567360.0,INR,Pending
INV-00676,SO-00849,5306.06,EUR,Pending
INV-00677,SO-00850,55964.46,USD,Pending
INV-00678,SO-00851,620320.0,INR,Paid
INV-00679,SO-00852,16411.08,USD,Pending
INV-00680,SO-00853,376205.0,INR,Paid
INV-00681,SO-00854,55746.14,USD,Paid
INV-00682,SO-00855,3467790.0,INR,Overdue
INV-00683,SO-00856,178797.0,INR,Pending
INV-00684,SO-00857,6405050.0,INR,Paid
INV-00685,SO-00859,13547150.0,INR,Partially Paid
INV-00686,SO-00860,4694700.0,INR,Paid
INV-00687,SO-00861,4057.08,USD,Paid
INV-00688,SO-00862,35107.83,USD,Paid
INV-00689,SO-00864,3930280.0,INR,Overdue
INV-00690,SO-00866,55492.38,GBP,Paid
INV-00691,SO-00867,483130.0,INR,Paid
INV-00692,SO-00868,10004950.0,INR,Paid
INV-00693,SO-00869,458648.0,INR,Paid
INV-00694,SO-00870,1498400.0,INR,Paid
INV-00695,SO-00871,3813.07,EUR,Pending
INV-00696,SO-00872,34004.46,USD,Paid
INV-00697,SO-00873,413919.0,INR,Paid
INV-00698,SO-00874,1335256.0,INR,Paid
INV-00699,SO-00875,77169.28,USD,Paid
INV-00700,SO-00876,2887230.0,INR,Paid
INV-00701,SO-00877,543620.0,INR,Paid
INV-00702,SO-00878,12755.56,EUR,Overdue
INV-00703,SO-00879,113124.1,USD,Paid
INV-00704,SO-00880,10940.72,USD,Paid
INV-00705,SO-00883,4300.78,EUR,Partially Paid
INV-00706,SO-00884,12088470.0,INR,Pending
INV-00707,SO-00885,22246.08,USD,Paid
INV-00708,SO-00886,28003.01,USD,Pending
INV-00709,SO-00887,4627.84,USD,Overdue
INV-00710,SO-00889,6645.96,USD,Paid
INV-00711,SO-00891,628945.0,INR,Paid
INV-00712,SO-00892,15229.04,USD,Overdue
INV-00713,SO-00893,5066350.0,INR,Paid
INV-00714,SO-00894,175875.9,USD,Paid
INV-00715,SO-00895,42174.7,USD,Paid
INV-00716,SO-00896,12754.4,EUR,Pending
INV-00717,SO-00898,49174.33,EUR,Paid
INV-00718,SO-00899,4174.91,GBP,Partially Paid
INV-00719,SO-00900,11083150.0,INR,Paid
INV-00720,SO-00901,3294.13,EUR,Pending
INV-00721,SO-00903,6204000.0,INR,Overdue
INV-00722,SO-00904,492472.0,INR,Pending
INV-00723,SO-00905,1128590.0,INR,Overdue
INV-00724,SO-00906,14074.82,USD,Paid
INV-00725,SO-00907,901785.0,INR,Pending
INV-00726,SO-00908,270396.0,INR,Paid
INV-00727,SO-00909,3852240.0,INR,Paid
INV-00728,SO-00910,17533.56,EUR,Overdue
INV-00729,SO-00911,8472.22,USD,Paid
INV-00730,SO-00913,1655660.0,INR,Paid
INV-00731,SO-00914,1231864.0,INR,Paid
INV-00732,SO-00915,5978.99,USD,Paid
INV-00733,SO-00916,23582.89,EUR,Partially Paid
INV-00734,SO-00917,9560.39,USD,Paid
INV-00735,SO-00918,17553.37,USD,Pending
INV-00736,SO-00919,38876.02,USD,Paid
INV-00737,SO-00920,759350.0,INR,Partially Paid
INV-00738,SO-00921,403611.0,INR,Paid
INV-00739,SO-00923,1736750.0,INR,Partially Paid
INV-00740,SO-00924,471420.0,INR,Paid
INV-00741,SO-00925,1105448.0,INR,Paid
INV-00742,SO-00926,523685.0,INR,Paid
INV-00743,SO-00927,38459.76,USD,Paid
INV-00744,SO-00928,79403.49,USD,Pending
INV-00745,SO-00929,1454.1,USD,Paid
INV-00746,SO-00930,22248.67,EUR,Partially Paid
INV-00747,SO-00931,34835.06,USD,Paid
INV-00748,SO-00933,6072.07,USD,Paid
INV-00749,SO-00935,32227.23,USD,Partially Paid
INV-00750,SO-00936,2118690.0,INR,Paid
INV-00751,SO-00937,4906100.0,INR,Paid
INV-00752,SO-00938,1013272.0,INR,Paid
INV-00753,SO-00939,2899920.0,INR,Paid
INV-00754,SO-00940,13344.58,USD,Partially Paid
INV-00755,SO-00941,1842510.0,INR,Paid
INV-00756,SO-00942,10902.89,EUR,Partially Paid
INV-00757,SO-00943,2270820.0,INR,Paid
INV-00758,SO-00944,11552.89,USD,Paid
INV-00759,SO-00945,1597425.0,INR,Pending
INV-00760,SO-00946,1469620.0,INR,Paid
INV-00761,SO-00947,1723696.0,INR,Paid
INV-00762,SO-00948,9944.94,USD,Paid
INV-00763,SO-00950,2862240.0,INR,Overdue
INV-00764,SO-00951,4080700.0,INR,Pending
INV-00765,SO-00952,381255.0,INR,Overdue
INV-00766,SO-00953,102326.39,USD,Paid
INV-00767,SO-00954,7050550.0,INR,Paid
INV-00768,SO-00957,16941.93,USD,Paid
INV-00769,SO-00958,483756.0,INR,Paid
INV-00770,SO-00959,14670.71,GBP,Paid
INV-00771,SO-00960,7152990.0,INR,Paid
INV-00772,SO-00962,48915.0,USD,Partially Paid
INV-00773,SO-00963,2391045.0,INR,Pending
INV-00774,SO-00965,943592.0,INR,Paid
INV-00775,SO-00967,1342365.0,INR,Overdue
INV-00776,SO-00968,47829.0,EUR,Pending
INV-00777,SO-00969,8529.06,USD,Partially Paid
INV-00778,SO-00970,12503.25,USD,Pending
INV-00779,SO-00971,37473.0,EUR,Paid
INV-00780,SO-00972,49018.33,EUR,Partially Paid
INV-00781,SO-00973,2991300.0,INR,Paid
INV-00782,SO-00974,1793625.0,INR,Overdue
INV-00783,SO-00975,36053.49,USD,Paid
INV-00784,SO-00976,38548.92,USD,Partially Paid
INV-00785,SO-00977,559864.0,INR,Paid
INV-00786,SO-00979,3041340.0,INR,Paid
INV-00787,SO-00980,13325.6,USD,Partially Paid
INV-00788,SO-00981,346368.0,INR,Paid
INV-00789,SO-00982,1303235.0,INR,Pending
INV-00790,SO-00984,7891600.0,INR,Paid
INV-00791,SO-00986,118160.24,USD,Paid
INV-00792,SO-00987,972760.0,INR,Pending
INV-00793,SO-00988,9462.78,EUR,Pending
INV-00794,SO-00989,4213.37,EUR,Overdue
INV-00795,SO-00990,4080700.0,INR,Overdue
INV-00796,SO-00991,1431585.0,INR,Pending
INV-00797,SO-00992,1675320.0,INR,Paid
INV-00798,SO-00994,66600.6,USD,Paid
INV-00799,SO-00995,14912.78,EUR,Pending
INV-00800,SO-00996,1487835.0,INR,Paid
INV-00801,SO-00997,9708150.0,INR,Paid
INV-00802,SO-00998,9529.45,USD,Paid
INV-00803,SO-00999,1696660.0,INR,Paid
INV-00804,SO-01000,287403.0,INR,Paid
INV-00805,SO-01001,6317.4,USD,Pending
INV-00806,SO-01002,1146620.0,INR,Paid
INV-00807,SO-01003,65878.31,USD,Overdue
INV-00808,SO-01004,648080.0,INR,Paid
INV-00809,SO-01006,4557330.0,INR,Overdue
INV-00810,SO-01008,26184.22,USD,Partially Paid
INV-00811,SO-01009,7101.4,USD,Overdue
INV-00812,SO-01010,715830.0,INR,Pending
INV-00813,SO-01011,8290.96,USD,Paid
INV-00814,SO-01012,3485640.0,INR,Pending
INV-00815,SO-01013,256050.0,INR,Pending
INV-00816,SO-01014,10671150.0,INR,Pending
INV-00817,SO-01015,46232.67,EUR,Pending
INV-00818,SO-01016,8510650.0,INR,Paid
INV-00819,SO-01017,1925750.0,INR,Paid
INV-00820,SO-01020,4632060.0,INR,Paid
INV-00821,SO-01021,23064.58,USD,Paid
INV-00822,SO-01022,275346.0,INR,Paid
INV-00823,SO-01023,1440120.0,INR,Pending
INV-00824,SO-01024,412225.0,INR,Overdue
INV-00825,SO-01026,1097240.0,INR,Pending
INV-00826,SO-01027,62394.58,USD,Pending
INV-00827,SO-01028,357765.0,INR,Pending
INV-00828,SO-01029,110139.76,USD,Paid
INV-00829,SO-01031,1697600.0,INR,Pending
INV-00830,SO-01032,1509540.0,INR,Paid
INV-00831,SO-01033,99141.69,USD,Paid
INV-00832,SO-01034,2188680.0,INR,Paid
INV-00833,SO-01035,733470.0,INR,Paid
INV-00834,SO-01038,4865.36,USD,Overdue
INV-00835,SO-01039,132462.78,EUR,Paid
INV-00836,SO-01040,5796620.0,INR,Paid
INV-00837,SO-01042,2239140.0,INR,Pending
INV-00838,SO-01043,50792.33,EUR,Paid
INV-00839,SO-01044,2154915.0,INR,Paid
INV-00840,SO-01045,26750.96,USD,Paid
INV-00841,SO-01047,83116.27,USD,Paid
INV-00842,SO-01048,53412.77,USD,Paid
INV-00843,SO-01050,48295.56,EUR,Pending
INV-00844,SO-01051,343554.0,INR,Pending
INV-00845,SO-01053,3910.06,EUR,Paid
INV-00846,SO-01054,2162400.0,INR,Paid
INV-00847,SO-01055,13773.43,USD,Paid
INV-00848,SO-01056,14807.33,EUR,Paid
INV-00849,SO-01057,9199.52,USD,Pending
INV-00850,SO-01058,2991300.0,INR,Pending
INV-00851,SO-01060,293688.0,INR,Partially Paid
INV-00852,SO-01061,1560740.0,INR,Paid
INV-00853,SO-01062,25614.76,USD,Paid
INV-00854,SO-01063,496002.0,INR,Paid
INV-00855,SO-01065,15341.02,USD,Paid
INV-00856,SO-01067,11362.12,USD,Paid
INV-00857,SO-01068,73337.35,USD,Paid
INV-00858,SO-01069,42239.64,USD,Pending
INV-00859,SO-01070,52368.67,USD,Paid
INV-00860,SO-01071,11459.82,USD,Paid
INV-00861,SO-01072,3162690.0,INR,Paid
INV-00862,SO-01073,2568160.0,INR,Pending
INV-00863,SO-01074,10968.19,USD,Paid
INV-00864,SO-01075,378144.0,INR,Paid
INV-00865,SO-01076,4312.23,USD,Paid
INV-00866,SO-01077,1355000.0,INR,Paid
INV-00867,SO-01078,1983135.0,INR,Overdue
INV-00868,SO-01080,378470.0,INR,Paid
INV-00869,SO-01081,41622.78,EUR,Overdue
INV-00870,SO-01082,75061.2,USD,Pending
INV-00871,SO-01083,2427480.0,INR,Paid
INV-00872,SO-01084,765272.0,INR,Paid
INV-00873,SO-01085,5214030.0,INR,Paid
INV-00874,SO-01086,8878.78,GBP,Paid
INV-00875,SO-01088,2515780.0,INR,Pending
INV-00876,SO-01090,12208.39,USD,Partially Paid
INV-00877,SO-01091,2072715.0,INR,Paid
INV-00878,SO-01092,11753.01,USD,Overdue
INV-00879,SO-01093,2949840.0,INR,Paid
INV-00880,SO-01094,3129800.0,INR,Paid
INV-00881,SO-01095,2181250.0,INR,Paid
INV-00882,SO-01096,19189.04,USD,Paid
INV-00883,SO-01098,840680.0,INR,Pending
INV-00884,SO-01099,13780.3,USD,Paid
INV-00885,SO-01101,4591.14,USD,Overdue
INV-00886,SO-01102,4634340.0,INR,Partially Paid
INV-00887,SO-01103,3076.7,USD,Paid
INV-00888,SO-01105,4768660.0,INR,Paid
INV-00889,SO-01106,57744.58,USD,Overdue
INV-00890,SO-01107,3066.25,USD,Partially Paid
INV-00891,SO-01108,64229.17,EUR,Overdue
INV-00892,SO-01109,2808200.0,INR,Paid
INV-00893,SO-01111,4582.9,GBP,Paid
INV-00894,SO-01114,6473150.0,INR,Pending
INV-00895,SO-01115,11413.01,USD,Paid
INV-00896,SO-01116,6056220.0,INR,Paid
INV-00897,SO-01117,370668.0,INR,Pending
INV-00898,SO-01118,11888.07,USD,Paid
INV-00899,SO-01119,25378.22,EUR,Paid
INV-00900,SO-01120,15023.37,USD,Paid
INV-00901,SO-01121,1825710.0,INR,Paid
INV-00902,SO-01122,107158.43,USD,Pending
INV-00903,SO-01124,3967170.0,INR,Paid
INV-00904,SO-01125,4484.82,USD,Pending
INV-00905,SO-01127,46232.67,EUR,Pending
INV-00906,SO-01128,5882350.0,INR,Pending
INV-00907,SO-01129,5324.4,USD,Paid
INV-00908,SO-01131,54248.19,USD,Pending
INV-00909,SO-01132,3004665.0,INR,Paid
INV-00910,SO-01133,3686.65,USD,Pending
INV-00911,SO-01134,21700.24,USD,Pending
INV-00912,SO-01136,5221680.0,INR,Partially Paid
INV-00913,SO-01137,6300.9,USD,Paid
INV-00914,SO-01138,1038560.0,INR,Paid
INV-00915,SO-01139,32530.6,USD,Pending
INV-00916,SO-01140,7589.88,USD,Paid
INV-00917,SO-01141,15679.0,GBP,Paid
INV-00918,SO-01142,849465.0,INR,Paid
INV-00919,SO-01143,23936.93,USD,Pending
INV-00920,SO-01144,8818830.0,INR,Paid
INV-00921,SO-01146,8011.73,EUR,Paid
INV-00922,SO-01147,79479.52,GBP,Paid
INV-00923,SO-01148,6924.64,USD,Partially Paid
INV-00924,SO-01149,17308.55,USD,Paid
INV-00925,SO-01150,551130.0,INR,Paid
INV-00926,SO-01151,10484.92,USD,Paid
INV-00927,SO-01152,32477.33,EUR,Overdue
INV-00928,SO-01153,662120.0,INR,Overdue
INV-00929,SO-01154,8998.67,USD,Pending
INV-00930,SO-01155,10953.17,EUR,Partially Paid
INV-00931,SO-01156,2402010.0,INR,Overdue
INV-00932,SO-01157,3719.28,EUR,Paid
INV-00933,SO-01158,5891250.0,INR,Paid
INV-00934,SO-01159,1149490.0,INR,Paid
INV-00935,SO-01160,953200.0,INR,Overdue
INV-00936,SO-01161,1545430.0,INR,Paid
INV-00937,SO-01164,1101350.0,INR,Paid
INV-00938,SO-01165,4366.61,EUR,Partially Paid
INV-00939,SO-01166,15119.83,EUR,Paid
INV-00940,SO-01167,1201350.0,INR,Pending
INV-00941,SO-01170,12706.45,USD,Paid
INV-00942,SO-01172,3188730.0,INR,Pending
INV-00943,SO-01173,2000205.0,INR,Pending
INV-00944,SO-01174,551615.0,INR,Paid
INV-00945,SO-01177,27518.55,USD,Partially Paid
INV-00946,SO-01178,7126500.0,INR,Paid
INV-00947,SO-01179,8660.62,EUR,Paid
INV-00948,SO-01181,53481.33,EUR,Paid
INV-00949,SO-01182,2244960.0,INR,Paid
INV-00950,SO-01183,8108.63,USD,Overdue
INV-00951,SO-01184,3574.77,EUR,Pending
INV-00952,SO-01185,37824.0,EUR,Paid
INV-00953,SO-01186,535768.0,INR,Partially Paid
INV-00954,SO-01187,1480440.0,INR,Pending
INV-00955,SO-01188,5843040.0,INR,Partially Paid
INV-00956,SO-01189,7591820.0,INR,Pending
INV-00957,SO-01190,1232940.0,INR,Paid
INV-00958,SO-01191,7766.56,EUR,Overdue
INV-00959,SO-01192,206454.0,INR,Paid
INV-00960,SO-01193,3795910.0,INR,Paid
INV-00961,SO-01194,2730030.0,INR,Pending
INV-00962,SO-01196,2337090.0,INR,Paid
INV-00963,SO-01197,2452680.0,INR,Paid
INV-00964,SO-01200,1563490.0,INR,Pending
INV-00965,SO-01201,4576.08,GBP,Paid
INV-00966,SO-01202,6831100.0,INR,Pending
INV-00967,SO-01203,13877.11,USD,Pending
INV-00968,SO-01204,2480010.0,INR,Paid
INV-00969,SO-01205,93486.75,USD,Paid
INV-00970,SO-01207,1672815.0,INR,Overdue
INV-00971,SO-01208,410070.0,INR,Paid
INV-00972,SO-01209,23997.11,USD,Paid
INV-00973,SO-01210,75823.33,EUR,Paid
INV-00974,SO-01211,3368790.0,INR,Pending
INV-00975,SO-01212,124137.83,USD,Paid
INV-00976,SO-01213,4099750.0,INR,Paid
INV-00977,SO-01214,763264.0,INR,Overdue
INV-00978,SO-01215,5385.07,EUR,Paid
INV-00979,SO-01216,17247.67,EUR,Paid
INV-00980,SO-01217,25175.66,USD,Partially Paid
INV-00981,SO-01219,4714200.0,INR,Overdue
INV-00982,SO-01220,353646.0,INR,Paid
INV-00983,SO-01221,6380300.0,INR,Paid
INV-00984,SO-01222,322456.0,INR,Overdue
INV-00985,SO-01223,529810.0,INR,Overdue
INV-00986,SO-01224,20931.66,USD,Paid
INV-00987,SO-01226,12096.81,USD,Overdue
INV-00988,SO-01227,6928.92,USD,Paid
INV-00989,SO-01228,11147.95,USD,Paid
INV-00990,SO-01229,6475.37,USD,Paid
INV-00991,SO-01230,382020.0,INR,Paid
INV-00992,SO-01231,2803710.0,INR,Overdue
INV-00993,SO-01232,1260080.0,INR,Paid
INV-00994,SO-01233,1123.73,USD,Paid
INV-00995,SO-01234,4730.47,EUR,Paid
INV-00996,SO-01235,920160.0,INR,Paid
INV-00997,SO-01236,672685.0,INR,Paid
INV-00998,SO-01237,22192.22,EUR,Pending
INV-00999,SO-01238,3927.5,EUR,Partially Paid
INV-01000,SO-01240,13430.78,EUR,Paid
INV-01001,SO-01241,2185485.0,INR,Paid
INV-01002,SO-01242,6177800.0,INR,Partially Paid
INV-01003,SO-01243,8639.71,USD,Pending
INV-01004,SO-01244,288567.0,INR,Paid
INV-01005,SO-01245,4252050.0,INR,Paid
INV-01006,SO-01246,3660.67,EUR,Overdue
INV-01007,SO-01247,3873540.0,INR,Paid
INV-01008,SO-01248,9122.6,USD,Pending
INV-01009,SO-01249,4837560.0,INR,Pending
INV-01010,SO-01250,20826.27,USD,Paid
INV-01011,SO-01251,10802.31,USD,Partially Paid
INV-01012,SO-01252,5802.07,USD,Paid
INV-01013,SO-01253,2196830.0,INR,Partially Paid
INV-01014,SO-01254,43504.34,USD,Paid
INV-01015,SO-01255,16440.0,USD,Pending
INV-01016,SO-01256,8220.96,USD,Paid
INV-01017,SO-01257,1717240.0,INR,Paid
INV-01018,SO-01258,31455.9,USD,Paid
INV-01019,SO-01259,8881.64,USD,Pending
INV-01020,SO-01260,1168110.0,INR,Paid
INV-01021,SO-01261,9151.27,USD,Overdue
INV-01022,SO-01263,10356.0,EUR,Pending
INV-01023,SO-01264,8726.83,EUR,Paid
INV-01024,SO-01265,3345630.0,INR,Paid
INV-01025,SO-01267,6221.69,USD,Paid
INV-01026,SO-01270,379977.0,INR,Paid
INV-01027,SO-01271,23782.17,USD,Paid
INV-01028,SO-01273,38043.37,USD,Pending
INV-01029,SO-01274,16789.34,USD,Partially Paid
INV-01030,SO-01275,2863060.0,INR,Partially Paid
INV-01031,SO-01276,2335632.0,INR,Overdue
INV-01032,SO-01277,28815.23,USD,Partially Paid
INV-01033,SO-01279,13704.94,USD,Paid
INV-01034,SO-01280,9334.34,USD,Paid
INV-01035,SO-01281,2847.47,USD,Paid
INV-01036,SO-01282,706230.0,INR,Overdue
INV-01037,SO-01283,69551.81,USD,Pending
INV-01038,SO-01284,6772.89,USD,Paid
INV-01039,SO-01285,7032.38,GBP,Paid
INV-01040,SO-01287,655551.0,INR,Paid
INV-01041,SO-01288,102039.16,USD,Paid
INV-01042,SO-01290,3906.18,USD,Paid
INV-01043,SO-01291,2582.5,EUR,Paid
INV-01044,SO-01292,6510.3,USD,Paid
INV-01045,SO-01294,4054250.0,INR,Paid
INV-01046,SO-01296,10598.55,USD,Paid
INV-01047,SO-01297,743208.0,INR,Paid
INV-01048,SO-01298,466560.0,INR,Paid
INV-01049,SO-01299,1137510.0,INR,Paid
INV-01050,SO-01300,50792.33,EUR,Partially Paid
INV-01051,SO-01301,28261.59,USD,Paid
INV-01052,SO-01302,586776.0,INR,Paid
INV-01053,SO-01303,550728.0,INR,Pending
INV-01054,SO-01304,1892940.0,INR,Paid
INV-01055,SO-01305,1739745.0,INR,Paid
INV-01056,SO-01306,261651.0,INR,Overdue
INV-01057,SO-01307,10621.05,GBP,Paid
INV-01058,SO-01308,636666.0,INR,Pending
INV-01059,SO-01309,1064504.0,INR,Paid
INV-01060,SO-01310,18343.73,USD,Pending
INV-01061,SO-01311,11889.16,USD,Paid
INV-01062,SO-01312,7948410.0,INR,Partially Paid
INV-01063,SO-01313,13856.99,USD,Overdue
INV-01064,SO-01315,1315112.0,INR,Paid
INV-01065,SO-01316,89128.92,USD,Partially Paid
INV-01066,SO-01318,256830.0,INR,Paid
INV-01067,SO-01319,362373.0,INR,Paid
INV-01068,SO-01320,2838280.0,INR,Overdue
INV-01069,SO-01321,720712.0,INR,Overdue
INV-01070,SO-01322,32937.35,USD,Partially Paid
INV-01071,SO-01323,72530.89,EUR,Paid
INV-01072,SO-01325,830540.0,INR,Overdue
INV-01073,SO-01326,494352.0,INR,Paid
INV-01074,SO-01327,11179.08,USD,Paid
INV-01075,SO-01328,6356490.0,INR,Paid
INV-01076,SO-01329,3031095.0,INR,Paid
INV-01077,SO-01332,634110.0,INR,Paid
INV-01078,SO-01333,4468.81,USD,Paid
INV-01079,SO-01335,848870.0,INR,Paid
INV-01080,SO-01336,22250.24,USD,Paid
INV-01081,SO-01338,7641.99,USD,Overdue
INV-01082,SO-01339,71821.69,USD,Partially Paid
INV-01083,SO-01341,1998700.0,INR,Paid
INV-01084,SO-01345,71328.43,USD,Overdue
INV-01085,SO-01346,449720.0,INR,Overdue
INV-01086,SO-01347,91430.67,EUR,Paid
INV-01087,SO-01348,13233.92,USD,Overdue
INV-01088,SO-01349,8136250.0,INR,Paid
INV-01089,SO-01350,1169600.0,INR,Pending
INV-01090,SO-01352,1376340.0,INR,Paid
INV-01091,SO-01353,23813.17,EUR,Paid
INV-01092,SO-01354,5320.27,EUR,Paid
INV-01093,SO-01356,36562.05,USD,Partially Paid
INV-01094,SO-01357,2028255.0,INR,Paid
INV-01095,SO-01358,657680.0,INR,Paid
INV-01096,SO-01359,977520.0,INR,Paid
INV-01097,SO-01360,1966290.0,INR,Paid
INV-01098,SO-01361,589125.0,INR,Paid
INV-01099,SO-01364,10853.11,USD,Pending
INV-01100,SO-01365,2391045.0,INR,Paid
INV-01101,SO-01366,1313580.0,INR,Pending
INV-01102,SO-01369,44851.11,EUR,Overdue
INV-01103,SO-01371,468710.0,INR,Paid
INV-01104,SO-01372,21609.94,USD,Paid
INV-01105,SO-01373,6204000.0,INR,Paid
INV-01106,SO-01374,41879.76,USD,Pending
INV-01107,SO-01375,1405920.0,INR,Paid
INV-01108,SO-01376,91581.9,GBP,Paid
INV-01109,SO-01377,447095.0,INR,Pending
INV-01110,SO-01378,2417540.0,INR,Partially Paid
INV-01111,SO-01380,5340220.0,INR,Partially Paid
INV-01112,SO-01381,2913.61,USD,Pending
INV-01113,SO-01382,2060355.0,INR,Paid
INV-01114,SO-01386,1442175.0,INR,Paid
INV-01115,SO-01388,8687.42,USD,Paid
INV-01116,SO-01389,4366.61,EUR,Pending
INV-01117,SO-01390,789005.0,INR,Paid
INV-01118,SO-01391,17463.33,USD,Paid
INV-01119,SO-01392,82853.01,USD,Paid
INV-01120,SO-01393,651270.0,INR,Paid
INV-01121,SO-01394,2100380.0,INR,Pending
INV-01122,SO-01396,30503.67,EUR,Pending
INV-01123,SO-01397,344400.0,INR,Pending
INV-01124,SO-01398,11930.22,EUR,Pending
INV-01125,SO-01399,2554950.0,INR,Paid
INV-01126,SO-01400,942792.0,INR,Paid
INV-01127,SO-01401,836760.0,INR,Paid
INV-01128,SO-01402,1560740.0,INR,Partially Paid
INV-01129,SO-01403,713985.0,INR,Pending
INV-01130,SO-01404,12058.8,USD,Paid
INV-01131,SO-01405,11085.59,USD,Paid
INV-01132,SO-01406,352941.0,INR,Overdue
INV-01133,SO-01407,18525.18,USD,Paid
INV-01134,SO-01408,1370715.0,INR,Paid
INV-01135,SO-01409,3550.76,EUR,Paid
INV-01136,SO-01413,1767375.0,INR,Paid
INV-01137,SO-01414,14061.2,USD,Pending
INV-01138,SO-01416,43241.9,GBP,Paid
INV-01139,SO-01417,97931.2,USD,Paid
INV-01140,SO-01418,6272.91,GBP,Paid
INV-01141,SO-01419,2884350.0,INR,Overdue
INV-01142,SO-01421,732088.0,INR,Paid
INV-01143,SO-01422,4959950.0,INR,Paid
INV-01144,SO-01424,254760.0,INR,Partially Paid
INV-01145,SO-01426,747410.0,INR,Paid
INV-01146,SO-01427,1338940.0,INR,Overdue
INV-01147,SO-01429,628945.0,INR,Pending
INV-01148,SO-01430,48213.01,USD,Paid
INV-01149,SO-01431,2752680.0,INR,Paid
INV-01150,SO-01432,19839.04,USD,Paid
INV-01151,SO-01433,19329.33,GBP,Pending
INV-01152,SO-01434,3276270.0,INR,Pending
INV-01153,SO-01435,325635.0,INR,Paid
INV-01154,SO-01436,1815720.0,INR,Pending
INV-01155,SO-01437,17226.22,EUR,Pending
INV-01156,SO-01438,599368.0,INR,Paid
INV-01157,SO-01441,45958.55,USD,Overdue
INV-01158,SO-01443,23131.81,USD,Pending
INV-01159,SO-01445,2847495.0,INR,Paid
INV-01160,SO-01446,413915.0,INR,Paid
INV-01161,SO-01447,2726400.0,INR,Paid
INV-01162,SO-01448,2627400.0,INR,Overdue
INV-01163,SO-01449,1283360.0,INR,Pending
INV-01164,SO-01450,4444.52,USD,Pending
INV-01165,SO-01451,1697740.0,INR,Paid
INV-01166,SO-01452,32920.96,USD,Pending
INV-01167,SO-01453,25730.56,EUR,Overdue
INV-01168,SO-01456,3320.86,GBP,Pending
INV-01169,SO-01457,14506.31,USD,Partially Paid
INV-01170,SO-01458,7595550.0,INR,Paid
INV-01171,SO-01459,45329.05,GBP,Paid
INV-01172,SO-01460,29301.2,USD,Paid
INV-01173,SO-01461,3973530.0,INR,Paid
INV-01174,SO-01463,25923.0,GBP,Paid
INV-01175,SO-01464,38600.96,USD,Pending
INV-01176,SO-01466,1278760.0,INR,Overdue
INV-01177,SO-01467,780064.0,INR,Paid
INV-01178,SO-01468,448185.0,INR,Pending
INV-01179,SO-01469,15245.64,GBP,Paid
INV-01180,SO-01470,7898.2,USD,Paid
INV-01181,SO-01471,12231.2,USD,Pending
INV-01182,SO-01472,920104.0,INR,Paid
INV-01183,SO-01473,52951.33,USD,Overdue
INV-01184,SO-01474,66694.58,USD,Pending
INV-01185,SO-01475,2504970.0,INR,Pending
INV-01186,SO-01476,13507.41,USD,Overdue
INV-01187,SO-01477,28003.33,EUR,Pending
INV-01188,SO-01478,8140.72,USD,Paid
INV-01189,SO-01479,26630.24,USD,Paid
INV-01190,SO-01480,50468.5,EUR,Paid
INV-01191,SO-01483,12519.52,GBP,Paid
INV-01192,SO-01484,638945.0,INR,Pending
INV-01193,SO-01485,6956.53,USD,Paid
INV-01194,SO-01486,228381.0,INR,Overdue
INV-01195,SO-01487,3792030.0,INR,Paid
INV-01196,SO-01489,6009400.0,INR,Paid
INV-01197,SO-01490,29799.4,USD,Pending
INV-01198,SO-01491,2319760.0,INR,Pending
INV-01199,SO-01492,1247100.0,INR,Paid
INV-01200,SO-01493,7583.0,EUR,Pending
INV-01201,SO-01494,380571.0,INR,Pending
INV-01202,SO-01495,5136400.0,INR,Paid
INV-01203,SO-01496,22872.65,USD,Pending
INV-01204,SO-01498,14357.5,EUR,Paid
INV-01205,SO-01499,1240800.0,INR,Pending
INV-01206,SO-01500,5975.93,USD,Paid
